x,z
163.52325,59.57835625
164.15291,56.68279129
164.78258,51.47009647
165.41224,48.06822091
166.0419,48.55271918
166.67157,45.54968123
167.30123,52.70297263
167.93089,51.35094891
168.56056,49.12370104
169.19022,50.46707511
169.81988,47.87776935
170.44954,52.13510483
171.07921,47.92946812
171.70887,47.82791988
172.33853,47.11522149
172.9682,47.76603142
173.59786,46.9436494
174.22752,46.19371803
174.85719,46.55157939
175.48685,44.99042126
176.11651,42.36519662
176.74618,43.0250871
177.37584,45.97403246
178.0055,43.88754876
178.63517,44.64205098
179.26483,43.2295255
179.89449,48.65125167
180.52415,53.11324559
181.15382,52.75163525
181.78348,52.17345972
182.41314,57.36559189
183.04281,60.85833698
183.67247,63.84600442
184.30213,61.15598674
184.9318,57.39451694
185.56146,62.43712783
186.19112,59.95482331
186.82079,57.24762026
187.45045,52.22005523
188.08011,49.55632018
188.70978,53.44180988
189.33944,58.88339952
189.9691,56.23740439
190.59876,59.52312905
191.22843,65.7489698
191.85809,66.947471
192.48775,66.54301292
193.11742,64.39340989
193.74708,60.56478488
194.37674,65.61394116
195.00641,63.02991279
195.63607,55.3127285
196.26573,54.40048617
196.8954,57.87097209
197.52506,63.19100208
198.15472,64.97475882
198.78438,70.79466439
199.41405,80.41044799
200.04371,89.1278577
200.67337,100.1286121
201.30304,102.319753
201.9327,103.1780777
202.56236,106.2616774
203.19203,103.8130225
203.82169,103.8222345
204.45135,104.3559466
205.08102,107.6095468
205.71068,112.1343163
206.34034,118.1336423
206.97001,121.4540513
207.59967,127.9282108
208.22933,128.9122341
208.85899,132.7421979
209.48866,132.3055252
210.11832,136.8203867
210.74798,136.4259545
211.37765,136.0034833
212.00731,133.0828731
212.63697,137.2949843
213.26664,140.5583426
213.8963,135.7797881
214.52596,134.6733872
215.15563,131.5816989
215.78529,137.1460601
216.41495,135.974721
217.04462,133.3202048
217.67428,132.5349758
218.30394,138.6321097
218.9336,136.3911216
219.56327,141.2354139
220.19293,137.3639614
220.82259,141.7598616
221.45226,143.410531
222.08192,139.7281148
222.71158,138.6409167
223.34125,136.9231504
223.97091,136.8294374
224.60057,141.0068928
225.23024,141.6888351
225.8599,139.7516064
226.48956,143.5119491
227.11922,140.2346912
227.74889,140.9203408
228.37855,139.3129897
229.00821,134.3992425
229.63788,130.4932516
230.26754,132.981434
230.8972,129.6549317
231.52687,128.9946749
232.15653,127.942523
232.78619,123.4140983
233.41586,126.8548901
234.04552,127.8779785
234.67518,127.5287982
235.30485,128.090136
235.93451,133.2387655
236.56417,132.2524264
237.19383,137.5719404
237.8235,134.7574982
238.45316,130.7673431
239.08282,125.035654
239.71249,126.5952489
240.34215,126.1846828
240.97181,130.9360559
241.60148,130.0452851
242.23114,128.9630594
242.8608,133.6525684
243.49047,136.8041272
244.12013,138.3067318
244.74979,140.1644872
245.37946,139.0271339
246.00912,140.7389911
246.63878,144.1601937
247.26844,141.4702576
247.89811,141.7675565
248.52777,136.9165663
249.15743,130.4011058
249.7871,127.8537494
250.41676,123.9818602
251.04642,117.4578926
251.67609,111.5476773
252.30575,105.9322839
252.93541,101.6602151
253.56508,100.2555876
254.19474,96.14696261
254.8244,89.99618057
255.45406,91.5674522
256.08373,96.56817749
256.71339,93.77551297
257.34305,95.80501499
257.97272,90.35376469
258.60238,95.11050123
259.23204,92.44820414
259.86171,83.31176704
260.49137,79.72024632
261.12103,78.72017315
261.7507,73.33849609
262.38036,73.77557163
263.01002,63.44228404
263.63969,64.64937966
264.26935,71.45528274
264.89901,71.35410786
265.52867,68.14176768
266.15834,65.56735282
266.788,63.27991954
267.41766,65.28422933
268.04733,66.55811335
268.67699,61.61103768
269.30665,54.78426141
269.93632,56.79234509
270.56598,56.11677857
271.19564,59.00813659
271.82531,58.85789414
272.45497,56.01044977
273.08463,52.76175047
273.71429,55.35300685
274.34396,56.02282324
274.97362,59.60406243
275.60328,57.76185176
276.23295,55.48426767
276.86261,53.90848277
277.49227,54.91754768
278.12194,50.23409721
278.7516,47.86090903
279.38126,46.46954726
280.01093,45.47736627
280.64059,45.09247851
281.27025,48.46337374
281.89992,49.3103262
282.52958,53.90527027
283.15924,57.30797755
283.7889,53.98286529
284.41857,55.59010592
285.04823,58.85112367
285.67789,54.20452379
286.30756,56.70029537
286.93722,53.07195186
287.56688,53.9576478
288.19655,55.33939955
288.82621,52.95426676
289.45587,52.68247036
290.08554,53.98194424
290.7152,52.07525791
291.34486,50.96454508
291.97453,45.01095484
292.60419,46.66259577
293.23385,46.52279888
293.86351,46.02513744
294.49318,44.67662538
295.12284,45.73274203
295.7525,52.15669663
296.38217,55.74806047
297.01183,56.32547997
297.64149,57.46712664
298.27116,54.34190805
298.90082,53.92578482
299.53048,52.01171671
300.16015,47.09110768
300.78981,46.13697173
301.41947,47.16717345
302.04913,46.08584965
302.6788,48.47186584
303.30846,52.48639305
303.93812,56.07836572
304.56779,57.16866381
305.19745,57.96482118
305.82711,62.60313027
306.45678,64.24514131
307.08644,64.6351211
307.7161,65.22110602
308.34577,68.65383068
308.97543,75.47789963
309.60509,80.81621752
310.23476,80.86958373
310.86442,82.11999717
311.49408,86.2304816
312.12374,91.32651725
312.75341,94.83737435
313.38307,96.16507412
314.01273,96.49840361
314.6424,97.09029315
315.27206,104.984882
315.90172,104.1877558
316.53139,100.5756507
317.16105,101.8110979
317.79071,108.9620955
318.42038,112.4297534
319.05004,117.1479954
319.6797,117.8655324
320.30937,122.7855622
320.93903,132.647824
321.56869,133.2957242
322.19835,127.3535984
322.82802,130.9541965
323.45768,134.0068036
324.08734,133.8518313
324.71701,138.8094103
325.34667,135.5035061
325.97633,134.6091705
326.606,134.7126605
327.23566,131.2636034
327.86532,125.8959378
328.49499,124.5313822
329.12465,122.3734154
329.75431,127.0443772
330.38397,128.2356177
331.01364,133.8913464
331.6433,138.2444999
332.27296,142.9495233
332.90263,141.7847294
333.53229,138.9199406
334.16195,135.4323004
334.79162,137.6388743
335.42128,135.321606
336.05094,131.0534144
336.68061,125.7917664
337.31027,128.8102651
337.93993,134.2778258
338.5696,137.6686709
339.19926,139.2284524
339.82892,141.565438
340.45858,145.0637807
341.08825,146.3655382
341.71791,150.3257055
342.34757,144.9776555
342.97724,138.9717905
343.6069,139.3346316
344.23656,135.4321363
344.86623,135.5357341
345.49589,136.0355469
346.12555,132.8223394
346.75522,131.8974297
347.38488,131.434188
348.01454,129.1143816
348.64421,125.7047416
349.27387,124.2521502
349.90353,127.3094305
350.53319,125.9782758
351.16286,129.8533172
351.79252,136.2230054
352.42218,131.4827066
353.05185,133.3288792
353.68151,134.0891999
354.31117,133.3382934
354.94084,132.8762842
355.5705,133.3020257
356.20016,128.9815183
356.82983,133.3485156
357.45949,137.4262431
358.08915,133.1801754
358.71881,133.5101762
359.34848,136.4410806
359.97814,134.893502
360.6078,137.4572828
361.23747,136.8636153
361.86713,132.770159
362.49679,135.6243104
363.12646,130.8349609
363.75612,127.0977262
364.38578,127.9406092
365.01545,127.7208502
365.64511,122.1071788
366.27477,120.5160128
366.90444,114.2238163
367.5341,118.9142376
368.16376,114.3963414
368.79342,111.1330086
369.42309,107.0150409
370.05275,105.5924993
370.68241,101.067613
371.31208,100.2257211
371.94174,93.60845097
372.5714,90.19205887
373.20107,87.50668939
373.83073,80.55900838
